{"baseline_val/pos_dist_std":0.09963925182819366,"val/recall@5":0.9357249626307922,"val/pos_dist_std":0.5087903738021851,"final_val/recall@5":0.9417040358744395,"final_golden/scene_recall@20":0.4144736842105263,"baseline_val/recall@4":0.7174887892376681,"baseline_golden/recall@1":0.2546262028127313,"final_val/triplet_accuracy":0.7599402092675636,"baseline_golden/recall@4":0.692079940784604,"baseline_val/recall@1":0.2765321375186846,"baseline_val/neg_dist_mean":0.7683932185173035,"baseline_val/loss":0.9779740419266648,"val/scene_recall@15":0.4715447154471545,"final_golden/triplet_accuracy":0.7311621021465581,"final_val/neg_dist_std":0.4609217047691345,"train/loss":0.251217446807358,"baseline_val/scene_recall@30":0.4186991869918699,"baseline_golden/triplet_accuracy":0.5515914137675796,"baseline_val/pos_dist_mean":0.7463672757148743,"baseline_golden/num_pairs":1351,"val/loss":0.5830486441406968,"final_golden/margin_satisfied":0.27387120651369357,"baseline_golden/neg_dist_mean":0.7624699473381042,"_runtime":286,"final_golden/scene_recall@30":0.5021929824561403,"final_val/scene_recall@30":0.6463414634146342,"final_val/recall@3":0.7952167414050823,"val/recall@3":0.7877428998505231,"baseline_val/MRR":0.49090682610861985,"val/neg_dist_std":0.4525706171989441,"val/scene_recall@30":0.6382113821138211,"epoch":20,"_wandb":{"runtime":286},"val/dist_gap_mean":0.5054991245269775,"baseline_golden/scene_recall@10":0.16885964912280702,"final_golden/dist_gap_mean":0.45896434783935547,"baseline_golden/recall@2":0.41080680977054035,"baseline_val/recall@2":0.4334828101644245,"final_val/scene_recall@20":0.5609756097560976,"final_golden/recall@3":0.7564766839378239,"final_val/MRR":0.67299451918286,"baseline_val/num_pairs":669,"final_val/recall@4":0.8789237668161435,"baseline_golden/recall@5":0.848260547742413,"baseline_golden/MRR":0.47134221564273376,"val/scene_recall@25":0.6056910569105691,"val/num_pairs":669,"baseline_golden/loss":0.9838454922775619,"final_golden/neg_dist_mean":1.386731505393982,"final_val/pos_dist_std":0.5044167637825012,"final_val/recall@1":0.5022421524663677,"baseline_val/margin_satisfied":0,"final_val/margin_satisfied":0.29656203288490285,"lr_backbone":1e-06,"baseline_golden/scene_recall@20":0.23464912280701755,"val/triplet_accuracy":0.7554559043348281,"val_baseline_vs_trained":{"_type":"image-file","sha256":"aa8e2929050173728113031499638879d609264fe91cbaef99c5fe65423ebd53","size":28089,"path":"media/images/val_baseline_vs_trained_22_aa8e2929050173728113.png","format":"png","width":1400,"height":400},"final_golden/pos_dist_std":0.5095183849334717,"baseline_golden/pos_dist_std":0.09431470930576324,"baseline_val/scene_recall@5":0.1951219512195122,"final_golden/neg_dist_std":0.4706931412220001,"final_golden/scene_recall@5":0.14912280701754385,"baseline_val/scene_recall@10":0.26422764227642276,"final_golden/pos_dist_mean":0.9277672171592712,"final_golden/num_pairs":1351,"baseline_golden/margin_satisfied":0,"final_golden/recall@5":0.9385640266469282,"baseline_val/neg_dist_std":0.08556266874074936,"baseline_golden/neg_dist_std":0.08329486101865768,"val/recall@2":0.6696562032884903,"final_val/loss":0.5720075024617627,"baseline_val/recall@3":0.5904334828101644,"final_golden/scene_recall@15":0.33114035087719296,"lr_head":6.25e-06,"final_golden/recall@1":0.4515173945225759,"baseline_val/scene_recall@25":0.3821138211382114,"final_golden/recall@4":0.8712065136935603,"baseline_golden/recall@3":0.5521835677276091,"baseline_golden/scene_recall@15":0.20833333333333334,"baseline_val/scene_recall@15":0.3048780487804878,"baseline_val/recall@5":0.85949177877429,"final_golden/scene_recall@25":0.45614035087719296,"final_val/neg_dist_mean":1.4051908254623413,"training_curves":{"height":400,"_type":"image-file","sha256":"55f58516d5d4e8539fcb615a9ef446a5eb83c32dd78375dae778ff043467b00d","size":32715,"path":"media/images/training_curves_20_55f58516d5d4e8539fcb.png","format":"png","width":1200},"final_golden/scene_recall@10":0.25877192982456143,"baseline_golden/scene_recall@5":0.125,"baseline_golden/pos_dist_mean":0.7463153600692749,"final_val/scene_recall@15":0.4634146341463415,"final_val/scene_recall@25":0.6178861788617886,"baseline_golden/scene_recall@30":0.29385964912280704,"_timestamp":1.7756503698730114e+09,"val/scene_recall@5":0.25203252032520324,"val/pos_dist_mean":0.8984994888305664,"final_golden/loss":0.6267271053032201,"val/recall@4":0.8834080717488789,"baseline_val/dist_gap_mean":0.02202596329152584,"final_val/recall@2":0.6816143497757847,"baseline_val/scene_recall@20":0.34959349593495936,"final_golden/MRR":0.636651862817666,"val/MRR":0.6696562032884903,"baseline_golden/scene_recall@25":0.2675438596491228,"val/neg_dist_mean":1.4039984941482544,"val/margin_satisfied":0.2932735426008969,"val/scene_recall@10":0.3943089430894309,"final_val/dist_gap_mean":0.5195978283882141,"val/scene_recall@20":0.5609756097560976,"final_val/pos_dist_mean":0.8855929970741272,"final_val/num_pairs":669,"baseline_golden/dist_gap_mean":0.016154510900378227,"val/recall@1":0.5007473841554559,"baseline_val/triplet_accuracy":0.5754857997010463,"final_val/scene_recall@5":0.26422764227642276,"final_golden/recall@2":0.6380458919319023,"_step":23,"golden_baseline_vs_trained":{"_type":"image-file","sha256":"674329a2290df5bc50054cec01b57c8b8dddfca131b2580d66b33193bc71b36b","size":31000,"path":"media/images/golden_baseline_vs_trained_23_674329a2290df5bc5005.png","format":"png","width":1400,"height":400},"final_val/scene_recall@10":0.3943089430894309}