{"baseline_val/loss":0.9786909212173681,"val/triplet_accuracy":0.7977851605758582,"val/loss":0.5021096267969505,"train/loss":0.07080590851066343,"final_golden/recall@2":0.7642172523961661,"baseline_golden/pos_dist_mean":0.726535975933075,"final_val/scene_recall@15":0.5520504731861199,"final_golden/scene_recall@15":0.5076923076923077,"final_golden/num_pairs":1565,"final_golden/triplet_accuracy":0.8152076677316294,"baseline_val/recall@5":0.8660022148394242,"final_golden/margin_satisfied":0.36408945686900956,"val/margin_satisfied":0.34418604651162793,"_timestamp":1.775228984859796e+09,"val/scene_recall@25":0.6750788643533123,"baseline_golden/scene_recall@15":0.11923076923076924,"final_golden/scene_recall@20":0.5461538461538461,"_step":33,"final_val/scene_recall@5":0.42586750788643535,"final_val/triplet_accuracy":0.8004429678848284,"baseline_golden/neg_dist_mean":0.7499750256538391,"baseline_golden/triplet_accuracy":0.5814696485623003,"baseline_golden/num_pairs":1565,"baseline_golden/recall@2":0.4268370607028754,"baseline_val/neg_dist_std":0.0859784185886383,"baseline_golden/loss":0.9765609277323031,"final_val/loss":0.49912558511510113,"val/neg_dist_std":0.378141313791275,"baseline_golden/recall@3":0.6,"baseline_val/triplet_accuracy":0.584717607973422,"baseline_golden/pos_dist_std":0.09265822917222977,"baseline_val/recall@3":0.5991140642303433,"final_golden/neg_dist_mean":1.412003993988037,"final_val/recall@4":0.8870431893687708,"final_golden/scene_recall@30":0.6288461538461538,"final_golden/scene_recall@25":0.5903846153846154,"baseline_golden/scene_recall@25":0.15384615384615385,"final_val/MRR":0.7383720930232558,"final_golden/MRR":0.7547923322683706,"baseline_golden/scene_recall@30":0.18461538461538463,"baseline_golden/recall@5":0.8779552715654952,"final_val/recall@5":0.9424141749723145,"final_val/recall@3":0.8261351052048727,"baseline_val/scene_recall@20":0.138801261829653,"baseline_golden/recall@1":0.25175718849840256,"val/scene_recall@30":0.6908517350157729,"val/recall@5":0.9390919158361019,"lr_backbone":1e-06,"val/pos_dist_mean":0.7879605889320374,"final_val/scene_recall@30":0.6498422712933754,"baseline_val/scene_recall@30":0.21766561514195584,"val/recall@3":0.8073089700996677,"final_val/recall@1":0.6079734219269103,"baseline_val/scene_recall@25":0.1829652996845426,"final_val/scene_recall@10":0.5078864353312302,"baseline_golden/recall@4":0.7507987220447284,"baseline_val/neg_dist_mean":0.746705174446106,"val/scene_recall@10":0.5299684542586751,"val/scene_recall@20":0.637223974763407,"final_golden/recall@1":0.6287539936102237,"final_golden/pos_dist_mean":0.7700159549713135,"final_golden/dist_gap_mean":0.6419880986213684,"val/dist_gap_mean":0.6124646067619324,"baseline_val/MRR":0.48981173864894795,"final_golden/neg_dist_std":0.3775634467601776,"final_golden/recall@4":0.8977635782747604,"baseline_val/scene_recall@10":0.0914826498422713,"val/neg_dist_mean":1.4004251956939697,"final_golden/loss":0.4742875555071968,"_wandb":{"runtime":235},"baseline_golden/MRR":0.4804898828541001,"final_val/pos_dist_std":0.5459685921669006,"baseline_golden/scene_recall@10":0.08269230769230769,"training_curves":{"height":400,"_type":"image-file","sha256":"a78226cacb7afde5b3d13bf98fe6dfe6b278a5edc67bc895e79498e717a7147f","size":32686,"path":"media/images/training_curves_30_a78226cacb7afde5b3d1.png","format":"png","width":1200},"final_val/scene_recall@25":0.6340694006309149,"_runtime":235,"final_val/margin_satisfied":0.36035437430786266,"baseline_val/scene_recall@15":0.1167192429022082,"final_val/pos_dist_mean":0.774351179599762,"epoch":30,"final_val/num_pairs":903,"baseline_val/pos_dist_std":0.09153685718774796,"val/num_pairs":903,"baseline_golden/scene_recall@5":0.05,"baseline_val/recall@1":0.2646733111849391,"final_golden/recall@5":0.9456869009584664,"baseline_golden/scene_recall@20":0.13653846153846153,"final_val/dist_gap_mean":0.6215450167655945,"val/recall@2":0.7441860465116279,"golden_baseline_vs_trained":{"height":400,"_type":"image-file","sha256":"754beac826135a23810980903eee5b6b63ef0b3368686b49be3a39dc102e18b8","size":29489,"path":"media/images/golden_baseline_vs_trained_33_754beac826135a238109.png","format":"png","width":1400},"final_val/scene_recall@20":0.6088328075709779,"val/scene_recall@5":0.4384858044164038,"final_val/recall@2":0.7386489479512736,"baseline_golden/margin_satisfied":0,"final_golden/recall@3":0.8396166134185303,"baseline_val/recall@4":0.7452934662236987,"val_baseline_vs_trained":{"_type":"image-file","sha256":"3c1174e534d2ecc2eecf759f37a8be605a813fda7504931d634a309c3d5467b2","size":25767,"path":"media/images/val_baseline_vs_trained_32_3c1174e534d2ecc2eecf.png","format":"png","width":1400,"height":400},"final_golden/pos_dist_std":0.52480149269104,"baseline_val/num_pairs":903,"baseline_val/scene_recall@5":0.04100946372239748,"final_val/neg_dist_mean":1.3958961963653564,"final_val/neg_dist_std":0.39838701486587524,"baseline_val/pos_dist_mean":0.7253960967063904,"baseline_golden/neg_dist_std":0.0855698212981224,"final_golden/scene_recall@10":0.4634615384615385,"final_golden/scene_recall@5":0.36730769230769234,"baseline_golden/dist_gap_mean":0.023439064621925354,"baseline_val/recall@2":0.4485049833887043,"val/recall@1":0.6234772978959026,"baseline_val/margin_satisfied":0,"val/recall@4":0.8748615725359912,"val/scene_recall@15":0.5867507886435331,"baseline_val/dist_gap_mean":0.021309075877070427,"val/pos_dist_std":0.5511552095413208,"val/MRR":0.7447582133628645,"lr_head":6.25e-06}