{
  "ResNet18 pretrained": {
    "loss_raw": 0.9790404687521937,
    "triplet_accuracy": 0.5693290734824281,
    "margin_satisfied": 0.0,
    "pos_dist_mean": 0.7915727496147156,
    "neg_dist_mean": 0.8125322461128235,
    "dist_gap_mean": 0.020959528163075447,
    "triplet_recall@1": 0.25750798722044727,
    "triplet_recall@2": 0.41980830670926517,
    "triplet_recall@3": 0.5814696485623003,
    "triplet_recall@4": 0.7226837060702875,
    "triplet_recall@5": 0.8651757188498402,
    "MRR": 0.47881789137380193,
    "scene_recall@5": 0.05,
    "scene_recall@10": 0.08846153846153847,
    "scene_recall@15": 0.11730769230769231,
    "scene_recall@20": 0.13076923076923078,
    "scene_recall@25": 0.15,
    "scene_recall@30": 0.175,
    "compat_precision@1": 0.044642857142857144,
    "compat_precision@3": 0.0275297619047619,
    "compat_precision@5": 0.02142857142857143,
    "compat_precision@10": 0.0171875,
    "compat_precision@15": 0.01473214285714286,
    "compat_precision@20": 0.01328125,
    "compat_precision@30": 0.011160714285714286,
    "compat_precision@50": 0.009955357142857143,
    "compat_recall@1": 0.017299107142857144,
    "compat_recall@3": 0.028645833333333332,
    "compat_recall@5": 0.03664434523809523,
    "compat_recall@10": 0.05502232142857143,
    "compat_recall@15": 0.07005208333333333,
    "compat_recall@20": 0.08374255952380952,
    "compat_recall@30": 0.10714285714285714,
    "compat_recall@50": 0.15338541666666666
  },
  "EfficientNet-B3 pretrained": {
    "loss_raw": 0.987606995936019,
    "triplet_accuracy": 0.540447284345048,
    "margin_satisfied": 0.0,
    "pos_dist_mean": 1.05459463596344,
    "neg_dist_mean": 1.0669878721237183,
    "dist_gap_mean": 0.012393004260957241,
    "triplet_recall@1": 0.22236421725239616,
    "triplet_recall@2": 0.3961661341853035,
    "triplet_recall@3": 0.549520766773163,
    "triplet_recall@4": 0.6900958466453674,
    "triplet_recall@5": 0.8440894568690096,
    "MRR": 0.45231096911608104,
    "scene_recall@5": 0.028846153846153848,
    "scene_recall@10": 0.038461538461538464,
    "scene_recall@15": 0.06346153846153846,
    "scene_recall@20": 0.06923076923076923,
    "scene_recall@25": 0.08653846153846154,
    "scene_recall@30": 0.1076923076923077,
    "compat_precision@1": 0.029017857142857144,
    "compat_precision@3": 0.017857142857142856,
    "compat_precision@5": 0.012946428571428572,
    "compat_precision@10": 0.010937500000000001,
    "compat_precision@15": 0.009226190476190475,
    "compat_precision@20": 0.00859375,
    "compat_precision@30": 0.007663690476190477,
    "compat_precision@50": 0.007321428571428572,
    "compat_recall@1": 0.009672619047619046,
    "compat_recall@3": 0.019680059523809523,
    "compat_recall@5": 0.023660714285714285,
    "compat_recall@10": 0.036941964285714286,
    "compat_recall@15": 0.04460565476190476,
    "compat_recall@20": 0.05502232142857143,
    "compat_recall@30": 0.07020089285714286,
    "compat_recall@50": 0.10677083333333333
  },
  "ResNet18 fine-tuned (v3)": {
    "loss_raw": 0.47512660878154034,
    "triplet_accuracy": 0.8140575079872204,
    "margin_satisfied": 0.3638338658146965,
    "pos_dist_mean": 0.7709202766418457,
    "neg_dist_mean": 1.4119850397109985,
    "dist_gap_mean": 0.6410649418830872,
    "triplet_recall@1": 0.6281150159744409,
    "triplet_recall@2": 0.7642172523961661,
    "triplet_recall@3": 0.8396166134185303,
    "triplet_recall@4": 0.8939297124600639,
    "triplet_recall@5": 0.9444089456869009,
    "MRR": 0.7542385516506922,
    "scene_recall@5": 0.36923076923076925,
    "scene_recall@10": 0.45576923076923076,
    "scene_recall@15": 0.5019230769230769,
    "scene_recall@20": 0.5538461538461539,
    "scene_recall@25": 0.5961538461538461,
    "scene_recall@30": 0.6307692307692307,
    "compat_precision@1": 0.14732142857142858,
    "compat_precision@3": 0.11458333333333333,
    "compat_precision@5": 0.10178571428571428,
    "compat_precision@10": 0.07790178571428573,
    "compat_precision@15": 0.06369047619047619,
    "compat_precision@20": 0.05569196428571429,
    "compat_precision@30": 0.04494047619047619,
    "compat_precision@50": 0.03370535714285715,
    "compat_recall@1": 0.04631696428571428,
    "compat_recall@3": 0.10736607142857144,
    "compat_recall@5": 0.14851190476190476,
    "compat_recall@10": 0.22473958333333335,
    "compat_recall@15": 0.2746279761904762,
    "compat_recall@20": 0.319233630952381,
    "compat_recall@30": 0.3896949404761904,
    "compat_recall@50": 0.4890625
  }
}