{
  "ResNet18 pretrained": {
    "loss_raw": 0.9828496785096819,
    "triplet_accuracy": 0.5521835677276091,
    "margin_satisfied": 0.0,
    "pos_dist_mean": 0.7634216547012329,
    "neg_dist_mean": 0.7805718779563904,
    "dist_gap_mean": 0.017150333151221275,
    "triplet_recall@1": 0.25832716506291636,
    "triplet_recall@2": 0.40932642487046633,
    "triplet_recall@3": 0.5632864544781643,
    "triplet_recall@4": 0.7024426350851222,
    "triplet_recall@5": 0.8275351591413768,
    "MRR": 0.47369849494201827,
    "scene_recall@5": 0.15350877192982457,
    "scene_recall@10": 0.19078947368421054,
    "scene_recall@15": 0.21710526315789475,
    "scene_recall@20": 0.24780701754385964,
    "scene_recall@25": 0.2719298245614035,
    "scene_recall@30": 0.29385964912280704,
    "compat_precision@1": 0.09482758620689655,
    "compat_precision@3": 0.05172413793103448,
    "compat_precision@5": 0.04051724137931035,
    "compat_precision@10": 0.027155172413793102,
    "compat_precision@15": 0.020545977011494253,
    "compat_precision@20": 0.018426724137931037,
    "compat_precision@30": 0.015445402298850575,
    "compat_precision@50": 0.012629310344827584,
    "compat_recall@1": 0.02600574712643678,
    "compat_recall@3": 0.04091235632183908,
    "compat_recall@5": 0.05344827586206897,
    "compat_recall@10": 0.07270114942528734,
    "compat_recall@15": 0.08383620689655172,
    "compat_recall@20": 0.09949712643678162,
    "compat_recall@30": 0.12654454022988504,
    "compat_recall@50": 0.16989942528735635
  },
  "EfficientNet-B3 pretrained": {
    "loss_raw": 0.98965643429915,
    "triplet_accuracy": 0.5367875647668394,
    "margin_satisfied": 0.0,
    "pos_dist_mean": 1.0480107069015503,
    "neg_dist_mean": 1.058354377746582,
    "dist_gap_mean": 0.010343563742935658,
    "triplet_recall@1": 0.2146558105107328,
    "triplet_recall@2": 0.38638045891931905,
    "triplet_recall@3": 0.5558845299777943,
    "triplet_recall@4": 0.692820133234641,
    "triplet_recall@5": 0.8341968911917098,
    "MRR": 0.44716259560819155,
    "scene_recall@5": 0.08991228070175439,
    "scene_recall@10": 0.1337719298245614,
    "scene_recall@15": 0.16447368421052633,
    "scene_recall@20": 0.17982456140350878,
    "scene_recall@25": 0.19298245614035087,
    "scene_recall@30": 0.22149122807017543,
    "compat_precision@1": 0.0625,
    "compat_precision@3": 0.032327586206896554,
    "compat_precision@5": 0.026724137931034484,
    "compat_precision@10": 0.018965517241379314,
    "compat_precision@15": 0.016091954022988506,
    "compat_precision@20": 0.01336206896551724,
    "compat_precision@30": 0.011781609195402299,
    "compat_precision@50": 0.009439655172413795,
    "compat_recall@1": 0.01749281609195402,
    "compat_recall@3": 0.028556034482758622,
    "compat_recall@5": 0.040876436781609196,
    "compat_recall@10": 0.05495689655172413,
    "compat_recall@15": 0.06871408045977011,
    "compat_recall@20": 0.07561063218390805,
    "compat_recall@30": 0.09964080459770115,
    "compat_recall@50": 0.12801724137931034
  },
  "ResNet18 fine-tuned (v3)": {
    "loss_raw": 0.6278964004897789,
    "triplet_accuracy": 0.7299777942264989,
    "margin_satisfied": 0.27387120651369357,
    "pos_dist_mean": 0.9294009804725647,
    "neg_dist_mean": 1.3870278596878052,
    "dist_gap_mean": 0.4576267898082733,
    "triplet_recall@1": 0.4478164322723908,
    "triplet_recall@2": 0.6402664692820134,
    "triplet_recall@3": 0.7557364914877869,
    "triplet_recall@4": 0.8682457438934122,
    "triplet_recall@5": 0.9378238341968912,
    "MRR": 0.634937083641747,
    "scene_recall@5": 0.14473684210526316,
    "scene_recall@10": 0.25,
    "scene_recall@15": 0.3267543859649123,
    "scene_recall@20": 0.40789473684210525,
    "scene_recall@25": 0.46271929824561403,
    "scene_recall@30": 0.5,
    "compat_precision@1": 0.036637931034482756,
    "compat_precision@3": 0.04022988505747126,
    "compat_precision@5": 0.038362068965517235,
    "compat_precision@10": 0.03599137931034482,
    "compat_precision@15": 0.03275862068965517,
    "compat_precision@20": 0.03017241379310345,
    "compat_precision@30": 0.027155172413793106,
    "compat_precision@50": 0.022327586206896552,
    "compat_recall@1": 0.010201149425287355,
    "compat_recall@3": 0.035524425287356325,
    "compat_recall@5": 0.05459770114942528,
    "compat_recall@10": 0.0973419540229885,
    "compat_recall@15": 0.13502155172413793,
    "compat_recall@20": 0.17011494252873563,
    "compat_recall@30": 0.22913074712643677,
    "compat_recall@50": 0.31192528735632186
  }
}