{
  "ResNet18 backbone (ImageNet)": {
    "loss": 0.9735208101134932,
    "triplet_accuracy": 0.5817912657290896,
    "margin_satisfied": 0.0,
    "pos_dist_mean": 0.875209629535675,
    "neg_dist_mean": 0.9016887545585632,
    "dist_gap_mean": 0.02647918276488781,
    "hybrid_triplet_recall@1": 0.3012583271650629,
    "hybrid_triplet_recall@2": 0.45891931902294597,
    "hybrid_triplet_recall@3": 0.5936343449296817,
    "hybrid_triplet_recall@4": 0.7387120651369357,
    "hybrid_triplet_recall@5": 0.8564026646928201,
    "hybrid_MRR": 0.5087342709104367,
    "hybrid_scene_recall@5": 0.14035087719298245,
    "hybrid_scene_recall@10": 0.19517543859649122,
    "hybrid_scene_recall@15": 0.23464912280701755,
    "hybrid_scene_recall@20": 0.2631578947368421,
    "hybrid_scene_recall@25": 0.27850877192982454,
    "hybrid_scene_recall@30": 0.3026315789473684,
    "hybrid_compat_precision@1": 0.09913793103448276,
    "hybrid_compat_precision@3": 0.05316091954022988,
    "hybrid_compat_precision@5": 0.04137931034482759,
    "hybrid_compat_precision@10": 0.028232758620689656,
    "hybrid_compat_precision@15": 0.022126436781609197,
    "hybrid_compat_precision@20": 0.01875,
    "hybrid_compat_precision@30": 0.015158045977011494,
    "hybrid_compat_precision@50": 0.012844827586206897,
    "hybrid_compat_recall@1": 0.027155172413793102,
    "hybrid_compat_recall@3": 0.044396551724137936,
    "hybrid_compat_recall@5": 0.055783045977011496,
    "hybrid_compat_recall@10": 0.07482040229885058,
    "hybrid_compat_recall@15": 0.088433908045977,
    "hybrid_compat_recall@20": 0.10010775862068964,
    "hybrid_compat_recall@30": 0.12130028735632184,
    "hybrid_compat_recall@50": 0.17352729885057475
  },
  "EfficientNet-B3 backbone (ImageNet)": {
    "loss": 0.9833906408948072,
    "triplet_accuracy": 0.5581051073279053,
    "margin_satisfied": 0.0,
    "pos_dist_mean": 1.3111052513122559,
    "neg_dist_mean": 1.3277145624160767,
    "dist_gap_mean": 0.016609370708465576,
    "hybrid_triplet_recall@1": 0.27905255366395265,
    "hybrid_triplet_recall@2": 0.44855662472242785,
    "hybrid_triplet_recall@3": 0.6010362694300518,
    "hybrid_triplet_recall@4": 0.7283493708364175,
    "hybrid_triplet_recall@5": 0.8556624722427831,
    "hybrid_MRR": 0.4959782876881322,
    "hybrid_scene_recall@5": 0.11403508771929824,
    "hybrid_scene_recall@10": 0.15789473684210525,
    "hybrid_scene_recall@15": 0.17543859649122806,
    "hybrid_scene_recall@20": 0.19517543859649122,
    "hybrid_scene_recall@25": 0.23464912280701755,
    "hybrid_scene_recall@30": 0.26535087719298245,
    "hybrid_compat_precision@1": 0.06465517241379311,
    "hybrid_compat_precision@3": 0.040948275862068964,
    "hybrid_compat_precision@5": 0.03620689655172414,
    "hybrid_compat_precision@10": 0.02392241379310345,
    "hybrid_compat_precision@15": 0.01939655172413793,
    "hybrid_compat_precision@20": 0.017025862068965517,
    "hybrid_compat_precision@30": 0.014367816091954023,
    "hybrid_compat_precision@50": 0.011163793103448278,
    "hybrid_compat_recall@1": 0.017672413793103445,
    "hybrid_compat_recall@3": 0.03512931034482758,
    "hybrid_compat_recall@5": 0.049066091954022985,
    "hybrid_compat_recall@10": 0.06461925287356322,
    "hybrid_compat_recall@15": 0.07902298850574713,
    "hybrid_compat_recall@20": 0.0934626436781609,
    "hybrid_compat_recall@30": 0.11957614942528735,
    "hybrid_compat_recall@50": 0.1524425287356322
  },
  "ResNet18 fine-tuned": {
    "loss": 0.6278964004897789,
    "triplet_accuracy": 0.7299777942264989,
    "margin_satisfied": 0.27387120651369357,
    "pos_dist_mean": 0.9294009804725647,
    "neg_dist_mean": 1.3870278596878052,
    "dist_gap_mean": 0.4576267898082733,
    "hybrid_triplet_recall@1": 0.44337527757216877,
    "hybrid_triplet_recall@2": 0.6432272390821614,
    "hybrid_triplet_recall@3": 0.767579570688379,
    "hybrid_triplet_recall@4": 0.8660251665433013,
    "hybrid_triplet_recall@5": 0.9407846039970392,
    "hybrid_MRR": 0.6341845546508759,
    "hybrid_scene_recall@5": 0.1600877192982456,
    "hybrid_scene_recall@10": 0.2565789473684211,
    "hybrid_scene_recall@15": 0.33771929824561403,
    "hybrid_scene_recall@20": 0.3925438596491228,
    "hybrid_scene_recall@25": 0.4407894736842105,
    "hybrid_scene_recall@30": 0.48903508771929827,
    "hybrid_compat_precision@1": 0.07543103448275862,
    "hybrid_compat_precision@3": 0.051005747126436775,
    "hybrid_compat_precision@5": 0.045689655172413794,
    "hybrid_compat_precision@10": 0.03534482758620689,
    "hybrid_compat_precision@15": 0.03031609195402299,
    "hybrid_compat_precision@20": 0.029633620689655176,
    "hybrid_compat_precision@30": 0.02636494252873563,
    "hybrid_compat_precision@50": 0.022629310344827586,
    "hybrid_compat_recall@1": 0.020079022988505748,
    "hybrid_compat_recall@3": 0.04371408045977011,
    "hybrid_compat_recall@5": 0.06598419540229886,
    "hybrid_compat_recall@10": 0.09996408045977011,
    "hybrid_compat_recall@15": 0.12686781609195402,
    "hybrid_compat_recall@20": 0.16716954022988506,
    "hybrid_compat_recall@30": 0.21986350574712643,
    "hybrid_compat_recall@50": 0.3128591954022989
  }
}