{
  "ResNet18 backbone (ImageNet)": {
    "loss": 0.9710159790477814,
    "triplet_accuracy": 0.6019169329073483,
    "margin_satisfied": 0.0,
    "pos_dist_mean": 0.8689932227134705,
    "neg_dist_mean": 0.8979772329330444,
    "dist_gap_mean": 0.02898402325809002,
    "hybrid_triplet_recall@1": 0.30287539936102237,
    "hybrid_triplet_recall@2": 0.4830670926517572,
    "hybrid_triplet_recall@3": 0.6396166134185304,
    "hybrid_triplet_recall@4": 0.7686900958466454,
    "hybrid_triplet_recall@5": 0.8984025559105431,
    "hybrid_MRR": 0.5202981895633653,
    "hybrid_scene_recall@5": 0.07692307692307693,
    "hybrid_scene_recall@10": 0.12884615384615383,
    "hybrid_scene_recall@15": 0.17115384615384616,
    "hybrid_scene_recall@20": 0.18846153846153846,
    "hybrid_scene_recall@25": 0.19807692307692307,
    "hybrid_scene_recall@30": 0.2326923076923077,
    "hybrid_compat_precision@1": 0.0625,
    "hybrid_compat_precision@3": 0.04241071428571429,
    "hybrid_compat_precision@5": 0.03169642857142858,
    "hybrid_compat_precision@10": 0.026339285714285714,
    "hybrid_compat_precision@15": 0.022767857142857145,
    "hybrid_compat_precision@20": 0.020647321428571428,
    "hybrid_compat_precision@30": 0.01808035714285714,
    "hybrid_compat_precision@50": 0.014151785714285714,
    "hybrid_compat_recall@1": 0.02180059523809524,
    "hybrid_compat_recall@3": 0.040104166666666656,
    "hybrid_compat_recall@5": 0.05070684523809523,
    "hybrid_compat_recall@10": 0.08325892857142857,
    "hybrid_compat_recall@15": 0.10677083333333333,
    "hybrid_compat_recall@20": 0.128125,
    "hybrid_compat_recall@30": 0.16718750000000002,
    "hybrid_compat_recall@50": 0.2158110119047619
  },
  "EfficientNet-B0 backbone (ImageNet)": {
    "loss": 0.9756383596822477,
    "triplet_accuracy": 0.5800638977635783,
    "margin_satisfied": 0.0,
    "pos_dist_mean": 1.252691388130188,
    "neg_dist_mean": 1.2770531177520752,
    "dist_gap_mean": 0.024361640214920044,
    "hybrid_triplet_recall@1": 0.3003194888178914,
    "hybrid_triplet_recall@2": 0.4817891373801917,
    "hybrid_triplet_recall@3": 0.6364217252396166,
    "hybrid_triplet_recall@4": 0.7808306709265176,
    "hybrid_triplet_recall@5": 0.9047923322683706,
    "hybrid_MRR": 0.5193610223642172,
    "hybrid_scene_recall@5": 0.06346153846153846,
    "hybrid_scene_recall@10": 0.1076923076923077,
    "hybrid_scene_recall@15": 0.1423076923076923,
    "hybrid_scene_recall@20": 0.17115384615384616,
    "hybrid_scene_recall@25": 0.18461538461538463,
    "hybrid_scene_recall@30": 0.21346153846153845,
    "hybrid_compat_precision@1": 0.044642857142857144,
    "hybrid_compat_precision@3": 0.029761904761904757,
    "hybrid_compat_precision@5": 0.024999999999999998,
    "hybrid_compat_precision@10": 0.020758928571428574,
    "hybrid_compat_precision@15": 0.0193452380952381,
    "hybrid_compat_precision@20": 0.018080357142857145,
    "hybrid_compat_precision@30": 0.015476190476190477,
    "hybrid_compat_precision@50": 0.01294642857142857,
    "hybrid_compat_recall@1": 0.01763392857142857,
    "hybrid_compat_recall@3": 0.031212797619047623,
    "hybrid_compat_recall@5": 0.04233630952380951,
    "hybrid_compat_recall@10": 0.06752232142857142,
    "hybrid_compat_recall@15": 0.09237351190476191,
    "hybrid_compat_recall@20": 0.11473214285714284,
    "hybrid_compat_recall@30": 0.14810267857142856,
    "hybrid_compat_recall@50": 0.19918154761904763
  },
  "ResNet18 fine-tuned": {
    "loss": 0.47512660878154034,
    "triplet_accuracy": 0.8140575079872204,
    "margin_satisfied": 0.3638338658146965,
    "pos_dist_mean": 0.7709202766418457,
    "neg_dist_mean": 1.4119850397109985,
    "dist_gap_mean": 0.6410649418830872,
    "hybrid_triplet_recall@1": 0.615335463258786,
    "hybrid_triplet_recall@2": 0.7654952076677316,
    "hybrid_triplet_recall@3": 0.8460063897763578,
    "hybrid_triplet_recall@4": 0.9003194888178914,
    "hybrid_triplet_recall@5": 0.9552715654952076,
    "hybrid_MRR": 0.7492758253461128,
    "hybrid_scene_recall@5": 0.2692307692307692,
    "hybrid_scene_recall@10": 0.4,
    "hybrid_scene_recall@15": 0.47115384615384615,
    "hybrid_scene_recall@20": 0.5423076923076923,
    "hybrid_scene_recall@25": 0.5788461538461539,
    "hybrid_scene_recall@30": 0.6211538461538462,
    "hybrid_compat_precision@1": 0.11607142857142858,
    "hybrid_compat_precision@3": 0.08407738095238095,
    "hybrid_compat_precision@5": 0.07633928571428572,
    "hybrid_compat_precision@10": 0.0642857142857143,
    "hybrid_compat_precision@15": 0.05625,
    "hybrid_compat_precision@20": 0.05133928571428571,
    "hybrid_compat_precision@30": 0.043675595238095236,
    "hybrid_compat_precision@50": 0.032723214285714286,
    "hybrid_compat_recall@1": 0.039322916666666666,
    "hybrid_compat_recall@3": 0.07641369047619048,
    "hybrid_compat_recall@5": 0.11119791666666666,
    "hybrid_compat_recall@10": 0.19285714285714284,
    "hybrid_compat_recall@15": 0.2503348214285714,
    "hybrid_compat_recall@20": 0.2998511904761904,
    "hybrid_compat_recall@30": 0.38203125,
    "hybrid_compat_recall@50": 0.47663690476190473
  }
}