{
  "ResNet18 backbone (ImageNet)": {
    "loss": 0.9710159790477814,
    "triplet_accuracy": 0.6019169329073483,
    "margin_satisfied": 0.0,
    "pos_dist_mean": 0.8689932227134705,
    "neg_dist_mean": 0.8979772329330444,
    "dist_gap_mean": 0.02898402325809002,
    "triplet_recall@1": 0.3003194888178914,
    "triplet_recall@2": 0.45559105431309904,
    "triplet_recall@3": 0.6223642172523962,
    "triplet_recall@4": 0.7539936102236422,
    "triplet_recall@5": 0.8773162939297124,
    "MRR": 0.5115654952076677,
    "scene_recall@5": 0.051923076923076926,
    "scene_recall@10": 0.08846153846153847,
    "scene_recall@15": 0.12884615384615383,
    "scene_recall@20": 0.15,
    "scene_recall@25": 0.17307692307692307,
    "scene_recall@30": 0.19423076923076923,
    "compat_precision@1": 0.04241071428571429,
    "compat_precision@3": 0.026041666666666668,
    "compat_precision@5": 0.020535714285714286,
    "compat_precision@10": 0.01875,
    "compat_precision@15": 0.01681547619047619,
    "compat_precision@20": 0.01584821428571429,
    "compat_precision@30": 0.014211309523809525,
    "compat_precision@50": 0.01111607142857143,
    "compat_recall@1": 0.013764880952380954,
    "compat_recall@3": 0.027901785714285716,
    "compat_recall@5": 0.03474702380952381,
    "compat_recall@10": 0.06298363095238094,
    "compat_recall@15": 0.08255208333333333,
    "compat_recall@20": 0.10241815476190476,
    "compat_recall@30": 0.13072916666666665,
    "compat_recall@50": 0.16763392857142856
  },
  "EfficientNet-B0 backbone (ImageNet)": {
    "loss": 0.9754755359716689,
    "triplet_accuracy": 0.5838977635782747,
    "margin_satisfied": 0.0,
    "pos_dist_mean": 1.2505489587783813,
    "neg_dist_mean": 1.2750734090805054,
    "dist_gap_mean": 0.02452446147799492,
    "triplet_recall@1": 0.27412140575079874,
    "triplet_recall@2": 0.4415335463258786,
    "triplet_recall@3": 0.6019169329073483,
    "triplet_recall@4": 0.736741214057508,
    "triplet_recall@5": 0.8651757188498402,
    "MRR": 0.4931522896698615,
    "scene_recall@5": 0.04230769230769231,
    "scene_recall@10": 0.0673076923076923,
    "scene_recall@15": 0.09230769230769231,
    "scene_recall@20": 0.11346153846153846,
    "scene_recall@25": 0.12884615384615383,
    "scene_recall@30": 0.1576923076923077,
    "compat_precision@1": 0.033482142857142856,
    "compat_precision@3": 0.020833333333333336,
    "compat_precision@5": 0.016517857142857143,
    "compat_precision@10": 0.014508928571428572,
    "compat_precision@15": 0.013541666666666665,
    "compat_precision@20": 0.012165178571428573,
    "compat_precision@30": 0.010491071428571428,
    "compat_precision@50": 0.009285714285714286,
    "compat_recall@1": 0.012648809523809522,
    "compat_recall@3": 0.025297619047619044,
    "compat_recall@5": 0.031212797619047616,
    "compat_recall@10": 0.04977678571428572,
    "compat_recall@15": 0.0671502976190476,
    "compat_recall@20": 0.07775297619047618,
    "compat_recall@30": 0.09966517857142856,
    "compat_recall@50": 0.14244791666666665
  },
  "ResNet18 fine-tuned": {
    "loss": 0.47512660878154034,
    "triplet_accuracy": 0.8140575079872204,
    "margin_satisfied": 0.3638338658146965,
    "pos_dist_mean": 0.7709202766418457,
    "neg_dist_mean": 1.4119850397109985,
    "dist_gap_mean": 0.6410649418830872,
    "triplet_recall@1": 0.6281150159744409,
    "triplet_recall@2": 0.7642172523961661,
    "triplet_recall@3": 0.8396166134185303,
    "triplet_recall@4": 0.8939297124600639,
    "triplet_recall@5": 0.9444089456869009,
    "MRR": 0.7542385516506922,
    "scene_recall@5": 0.36923076923076925,
    "scene_recall@10": 0.45576923076923076,
    "scene_recall@15": 0.5019230769230769,
    "scene_recall@20": 0.5538461538461539,
    "scene_recall@25": 0.5961538461538461,
    "scene_recall@30": 0.6307692307692307,
    "compat_precision@1": 0.14732142857142858,
    "compat_precision@3": 0.11458333333333333,
    "compat_precision@5": 0.10178571428571428,
    "compat_precision@10": 0.07790178571428573,
    "compat_precision@15": 0.06369047619047619,
    "compat_precision@20": 0.05569196428571429,
    "compat_precision@30": 0.04494047619047619,
    "compat_precision@50": 0.03370535714285715,
    "compat_recall@1": 0.04631696428571428,
    "compat_recall@3": 0.10736607142857144,
    "compat_recall@5": 0.14851190476190476,
    "compat_recall@10": 0.22473958333333335,
    "compat_recall@15": 0.2746279761904762,
    "compat_recall@20": 0.319233630952381,
    "compat_recall@30": 0.3896949404761904,
    "compat_recall@50": 0.4890625
  }
}